{"cameraMode":{"drawMode":0,"name":"Shaded","section":"Shading Mode"},"sceneLighting":true,"audioPlay":false,"sceneViewState":{"m_AlwaysRefresh":false,"showFog":true,"showSkybox":true,"showFlares":true,"showImageEffects":true,"showParticleSystems":true,"showVisualEffectGraphs":true,"m_FxEnabled":true},"in2DMode":false,"pivot":{"x":0.8542406558990479,"y":3.9859657287597658,"z":-3.267155885696411},"rotation":{"x":0.07458914816379547,"y":-0.8806411027908325,"z":0.14834962785243989,"w":0.4438435435295105},"size":19.13104820251465,"orthographic":false}